x:image,y:label,y'__0,y'__1
C:\Users\23060814\Desktop\NNC_130\samples\sample_dataset\Face_non_face\32_32_80_20\1\2007_008815.png,1,1.2343432e-11,1.0
C:\Users\23060814\Desktop\NNC_130\samples\sample_dataset\Face_non_face\32_32_80_20\1\2008_001966.png,1,5.7308996e-15,1.0
C:\Users\23060814\Desktop\NNC_130\samples\sample_dataset\Face_non_face\32_32_80_20\0\yaleB23_P00A+060E+20.png,0,0.99999976,2.3298064e-07
C:\Users\23060814\Desktop\NNC_130\samples\sample_dataset\Face_non_face\32_32_80_20\0\yaleB22_P00A+130E+20.png,0,0.99999213,7.867189e-06
C:\Users\23060814\Desktop\NNC_130\samples\sample_dataset\Face_non_face\32_32_80_20\1\2007_002967.png,1,2.7366031e-08,1.0
C:\Users\23060814\Desktop\NNC_130\samples\sample_dataset\Face_non_face\32_32_80_20\1\2008_005676.png,1,4.844894e-10,1.0
C:\Users\23060814\Desktop\NNC_130\samples\sample_dataset\Face_non_face\32_32_80_20\1\2007_008964.png,1,2.8968762e-15,1.0
C:\Users\23060814\Desktop\NNC_130\samples\sample_dataset\Face_non_face\32_32_80_20\1\2008_004321.png,1,6.0510223e-13,1.0
C:\Users\23060814\Desktop\NNC_130\samples\sample_dataset\Face_non_face\32_32_80_20\1\2007_000464.png,1,6.952655e-05,0.9999305
C:\Users\23060814\Desktop\NNC_130\samples\sample_dataset\Face_non_face\32_32_80_20\0\yaleB24_P00A+050E+00.png,0,0.9999789,2.1091411e-05
C:\Users\23060814\Desktop\NNC_130\samples\sample_dataset\Face_non_face\32_32_80_20\1\2007_005547.png,1,5.7423474e-14,1.0
C:\Users\23060814\Desktop\NNC_130\samples\sample_dataset\Face_non_face\32_32_80_20\1\2007_001834.png,1,2.9785067e-17,1.0
C:\Users\23060814\Desktop\NNC_130\samples\sample_dataset\Face_non_face\32_32_80_20\1\2007_008307.png,1,6.2406205e-11,1.0
C:\Users\23060814\Desktop\NNC_130\samples\sample_dataset\Face_non_face\32_32_80_20\1\2007_000123.png,1,1.4741657e-07,0.9999999
C:\Users\23060814\Desktop\NNC_130\samples\sample_dataset\Face_non_face\32_32_80_20\0\yaleB33_P00A+070E+00.png,0,0.99999857,1.3765277e-06
C:\Users\23060814\Desktop\NNC_130\samples\sample_dataset\Face_non_face\32_32_80_20\0\yaleB01_P00A+050E+00.png,0,0.99998236,1.7698403e-05
C:\Users\23060814\Desktop\NNC_130\samples\sample_dataset\Face_non_face\32_32_80_20\1\2008_005089.png,1,5.1387067e-10,1.0
C:\Users\23060814\Desktop\NNC_130\samples\sample_dataset\Face_non_face\32_32_80_20\1\2007_002361.png,1,2.525914e-12,1.0
C:\Users\23060814\Desktop\NNC_130\samples\sample_dataset\Face_non_face\32_32_80_20\0\yaleB27_P00A+060E-20.png,0,0.9999771,2.283492e-05
C:\Users\23060814\Desktop\NNC_130\samples\sample_dataset\Face_non_face\32_32_80_20\0\yaleB29_P00A+085E-20.png,0,1.0,3.9936734e-09
C:\Users\23060814\Desktop\NNC_130\samples\sample_dataset\Face_non_face\32_32_80_20\1\2008_007142.png,1,3.6474873e-08,1.0
C:\Users\23060814\Desktop\NNC_130\samples\sample_dataset\Face_non_face\32_32_80_20\0\yaleB35_P00A+110E+15.png,0,0.9999895,1.0538624e-05
C:\Users\23060814\Desktop\NNC_130\samples\sample_dataset\Face_non_face\32_32_80_20\1\2008_000711.png,1,4.268911e-15,1.0
C:\Users\23060814\Desktop\NNC_130\samples\sample_dataset\Face_non_face\32_32_80_20\0\yaleB10_P00A+015E+20.png,0,1.0,5.232331e-09
C:\Users\23060814\Desktop\NNC_130\samples\sample_dataset\Face_non_face\32_32_80_20\0\yaleB13_P00A+110E+65.png,0,0.9474222,0.0525778
C:\Users\23060814\Desktop\NNC_130\samples\sample_dataset\Face_non_face\32_32_80_20\0\yaleB29_P00A+035E-20.png,0,0.99997306,2.6897767e-05
C:\Users\23060814\Desktop\NNC_130\samples\sample_dataset\Face_non_face\32_32_80_20\0\yaleB17_P00A+110E+65.png,0,0.99999404,5.989221e-06
C:\Users\23060814\Desktop\NNC_130\samples\sample_dataset\Face_non_face\32_32_80_20\1\2007_000068.png,1,6.9269596e-15,1.0
C:\Users\23060814\Desktop\NNC_130\samples\sample_dataset\Face_non_face\32_32_80_20\1\2007_007003.png,1,7.815449e-12,1.0
C:\Users\23060814\Desktop\NNC_130\samples\sample_dataset\Face_non_face\32_32_80_20\0\yaleB32_P00A+050E+00.png,0,0.9998553,0.00014467574
C:\Users\23060814\Desktop\NNC_130\samples\sample_dataset\Face_non_face\32_32_80_20\1\2008_007513.png,1,9.24037e-10,1.0
C:\Users\23060814\Desktop\NNC_130\samples\sample_dataset\Face_non_face\32_32_80_20\0\yaleB30_P00A+110E+65.png,0,0.9996177,0.00038233257
C:\Users\23060814\Desktop\NNC_130\samples\sample_dataset\Face_non_face\32_32_80_20\1\2009_001255.png,1,2.8278457e-10,1.0
C:\Users\23060814\Desktop\NNC_130\samples\sample_dataset\Face_non_face\32_32_80_20\0\yaleB04_P00A-020E+10.png,0,0.9999776,2.242331e-05
C:\Users\23060814\Desktop\NNC_130\samples\sample_dataset\Face_non_face\32_32_80_20\1\2008_000365.png,1,4.1773882e-10,1.0
C:\Users\23060814\Desktop\NNC_130\samples\sample_dataset\Face_non_face\32_32_80_20\1\2009_000335.png,1,4.907139e-14,1.0
C:\Users\23060814\Desktop\NNC_130\samples\sample_dataset\Face_non_face\32_32_80_20\1\2009_000408.png,1,5.4995283e-15,1.0
C:\Users\23060814\Desktop\NNC_130\samples\sample_dataset\Face_non_face\32_32_80_20\0\yaleB27_P00A+035E+40.png,0,0.99999666,3.3677286e-06
C:\Users\23060814\Desktop\NNC_130\samples\sample_dataset\Face_non_face\32_32_80_20\1\2007_008526.png,1,0.07981302,0.920187
C:\Users\23060814\Desktop\NNC_130\samples\sample_dataset\Face_non_face\32_32_80_20\0\yaleB18_P00A+005E-10.png,0,0.9999504,4.9554452e-05
C:\Users\23060814\Desktop\NNC_130\samples\sample_dataset\Face_non_face\32_32_80_20\1\2007_000584.png,1,2.2916295e-06,0.99999774
C:\Users\23060814\Desktop\NNC_130\samples\sample_dataset\Face_non_face\32_32_80_20\0\yaleB38_P00A+110E+15.png,0,0.99997485,2.5199983e-05
C:\Users\23060814\Desktop\NNC_130\samples\sample_dataset\Face_non_face\32_32_80_20\1\2008_004477.png,1,0.0002242816,0.9997757
C:\Users\23060814\Desktop\NNC_130\samples\sample_dataset\Face_non_face\32_32_80_20\1\2007_005264.png,1,6.8129526e-07,0.9999993
C:\Users\23060814\Desktop\NNC_130\samples\sample_dataset\Face_non_face\32_32_80_20\0\yaleB06_P00A+035E+15.png,0,0.9999999,8.748198e-08
C:\Users\23060814\Desktop\NNC_130\samples\sample_dataset\Face_non_face\32_32_80_20\1\2007_004707.png,1,7.824814e-05,0.9999218
C:\Users\23060814\Desktop\NNC_130\samples\sample_dataset\Face_non_face\32_32_80_20\0\yaleB07_P00A-005E-10.png,0,0.9998085,0.00019147767
C:\Users\23060814\Desktop\NNC_130\samples\sample_dataset\Face_non_face\32_32_80_20\0\yaleB21_P00A+025E+00.png,0,0.99988914,0.000110906694
C:\Users\23060814\Desktop\NNC_130\samples\sample_dataset\Face_non_face\32_32_80_20\0\yaleB31_P00A+070E+00.png,0,1.0,5.8491487e-08
C:\Users\23060814\Desktop\NNC_130\samples\sample_dataset\Face_non_face\32_32_80_20\1\2008_007472.png,1,2.1462835e-13,1.0
C:\Users\23060814\Desktop\NNC_130\samples\sample_dataset\Face_non_face\32_32_80_20\0\yaleB15_P00A+035E+40.png,0,1.0,2.0500746e-08
C:\Users\23060814\Desktop\NNC_130\samples\sample_dataset\Face_non_face\32_32_80_20\0\yaleB26_P00A+110E-20.png,0,0.99999833,1.6922471e-06
C:\Users\23060814\Desktop\NNC_130\samples\sample_dataset\Face_non_face\32_32_80_20\1\2008_000860.png,1,5.3224447e-14,1.0
C:\Users\23060814\Desktop\NNC_130\samples\sample_dataset\Face_non_face\32_32_80_20\0\yaleB18_P00A+020E+10.png,0,0.99999344,6.5362906e-06
C:\Users\23060814\Desktop\NNC_130\samples\sample_dataset\Face_non_face\32_32_80_20\1\2008_004758.png,1,3.400104e-12,1.0
C:\Users\23060814\Desktop\NNC_130\samples\sample_dataset\Face_non_face\32_32_80_20\0\yaleB01_P00A+010E+00.png,0,0.9999926,7.404067e-06
C:\Users\23060814\Desktop\NNC_130\samples\sample_dataset\Face_non_face\32_32_80_20\1\2008_000470.png,1,3.767133e-09,1.0
C:\Users\23060814\Desktop\NNC_130\samples\sample_dataset\Face_non_face\32_32_80_20\0\yaleB18_P00A+035E+15.png,0,0.9999939,6.086926e-06
C:\Users\23060814\Desktop\NNC_130\samples\sample_dataset\Face_non_face\32_32_80_20\0\yaleB13_P00A-020E+10.png,0,0.99993837,6.1645784e-05
C:\Users\23060814\Desktop\NNC_130\samples\sample_dataset\Face_non_face\32_32_80_20\0\yaleB05_P00A+095E+00.png,0,0.99999225,7.722672e-06
C:\Users\23060814\Desktop\NNC_130\samples\sample_dataset\Face_non_face\32_32_80_20\1\2008_003703.png,1,3.3679046e-11,1.0
C:\Users\23060814\Desktop\NNC_130\samples\sample_dataset\Face_non_face\32_32_80_20\1\2007_009594.png,1,2.1342382e-08,1.0
C:\Users\23060814\Desktop\NNC_130\samples\sample_dataset\Face_non_face\32_32_80_20\0\yaleB27_P00A-020E+10.png,0,0.99996567,3.4277968e-05
C:\Users\23060814\Desktop\NNC_130\samples\sample_dataset\Face_non_face\32_32_80_20\1\2008_006327.png,1,2.5252325e-10,1.0
C:\Users\23060814\Desktop\NNC_130\samples\sample_dataset\Face_non_face\32_32_80_20\0\yaleB24_P00A+050E-40.png,0,0.99999726,2.6983755e-06
C:\Users\23060814\Desktop\NNC_130\samples\sample_dataset\Face_non_face\32_32_80_20\0\yaleB18_P00A+020E-10.png,0,0.99996877,3.11992e-05
C:\Users\23060814\Desktop\NNC_130\samples\sample_dataset\Face_non_face\32_32_80_20\1\2008_001992.png,1,8.395435e-10,1.0
C:\Users\23060814\Desktop\NNC_130\samples\sample_dataset\Face_non_face\32_32_80_20\0\yaleB04_P00A+050E+00.png,0,0.99990284,9.7143566e-05
C:\Users\23060814\Desktop\NNC_130\samples\sample_dataset\Face_non_face\32_32_80_20\1\2008_004101.png,1,3.3579298e-07,0.99999964
C:\Users\23060814\Desktop\NNC_130\samples\sample_dataset\Face_non_face\32_32_80_20\0\yaleB03_P00A+070E-35.png,0,0.999998,2.0676437e-06
C:\Users\23060814\Desktop\NNC_130\samples\sample_dataset\Face_non_face\32_32_80_20\1\2007_009750.png,1,4.066526e-07,0.99999964
C:\Users\23060814\Desktop\NNC_130\samples\sample_dataset\Face_non_face\32_32_80_20\1\2007_007230.png,1,6.4950947e-09,1.0
C:\Users\23060814\Desktop\NNC_130\samples\sample_dataset\Face_non_face\32_32_80_20\0\yaleB11_P00A+000E+90.png,0,0.9998253,0.00017468267
C:\Users\23060814\Desktop\NNC_130\samples\sample_dataset\Face_non_face\32_32_80_20\1\2008_000602.png,1,4.448518e-11,1.0
C:\Users\23060814\Desktop\NNC_130\samples\sample_dataset\Face_non_face\32_32_80_20\0\yaleB18_P00A+070E+00.png,0,1.0,8.664186e-09
C:\Users\23060814\Desktop\NNC_130\samples\sample_dataset\Face_non_face\32_32_80_20\0\yaleB32_P00A+005E-10.png,0,0.9999949,5.0889953e-06
C:\Users\23060814\Desktop\NNC_130\samples\sample_dataset\Face_non_face\32_32_80_20\1\2007_002403.png,1,9.484828e-10,1.0
C:\Users\23060814\Desktop\NNC_130\samples\sample_dataset\Face_non_face\32_32_80_20\0\yaleB39_P00A+120E+00.png,0,0.9999677,3.225293e-05
C:\Users\23060814\Desktop\NNC_130\samples\sample_dataset\Face_non_face\32_32_80_20\0\yaleB01_P00A+110E+40.png,0,0.99991584,8.4193955e-05
C:\Users\23060814\Desktop\NNC_130\samples\sample_dataset\Face_non_face\32_32_80_20\1\2007_003178.png,1,9.680583e-06,0.99999034
C:\Users\23060814\Desktop\NNC_130\samples\sample_dataset\Face_non_face\32_32_80_20\0\yaleB26_P00A+095E+00.png,0,1.0,5.8857214e-08
C:\Users\23060814\Desktop\NNC_130\samples\sample_dataset\Face_non_face\32_32_80_20\0\yaleB07_P00A+015E+20.png,0,1.0,4.081791e-08
C:\Users\23060814\Desktop\NNC_130\samples\sample_dataset\Face_non_face\32_32_80_20\1\2008_004838.png,1,3.8429043e-06,0.9999962
C:\Users\23060814\Desktop\NNC_130\samples\sample_dataset\Face_non_face\32_32_80_20\1\2007_006281.png,1,3.614942e-12,1.0
C:\Users\23060814\Desktop\NNC_130\samples\sample_dataset\Face_non_face\32_32_80_20\1\2007_004121.png,1,0.00014078157,0.9998592
C:\Users\23060814\Desktop\NNC_130\samples\sample_dataset\Face_non_face\32_32_80_20\0\yaleB04_P00A+035E+65.png,0,0.9999995,4.4284442e-07
C:\Users\23060814\Desktop\NNC_130\samples\sample_dataset\Face_non_face\32_32_80_20\1\2008_005904.png,1,2.5328795e-09,1.0
C:\Users\23060814\Desktop\NNC_130\samples\sample_dataset\Face_non_face\32_32_80_20\1\2007_005212.png,1,4.487369e-15,1.0
C:\Users\23060814\Desktop\NNC_130\samples\sample_dataset\Face_non_face\32_32_80_20\1\2008_006143.png,1,4.311898e-05,0.99995685
C:\Users\23060814\Desktop\NNC_130\samples\sample_dataset\Face_non_face\32_32_80_20\1\2007_009759.png,1,1.2755334e-11,1.0
C:\Users\23060814\Desktop\NNC_130\samples\sample_dataset\Face_non_face\32_32_80_20\1\2008_001719.png,1,0.009783913,0.99021614
C:\Users\23060814\Desktop\NNC_130\samples\sample_dataset\Face_non_face\32_32_80_20\0\yaleB33_P00A+050E+00.png,0,0.99991274,8.720478e-05
C:\Users\23060814\Desktop\NNC_130\samples\sample_dataset\Face_non_face\32_32_80_20\0\yaleB08_P00A+085E+20.png,0,0.9999784,2.1589409e-05
C:\Users\23060814\Desktop\NNC_130\samples\sample_dataset\Face_non_face\32_32_80_20\0\yaleB37_P00A+085E+20.png,0,0.9999949,5.1705106e-06
C:\Users\23060814\Desktop\NNC_130\samples\sample_dataset\Face_non_face\32_32_80_20\1\2007_004459.png,1,5.1126155e-13,1.0
C:\Users\23060814\Desktop\NNC_130\samples\sample_dataset\Face_non_face\32_32_80_20\1\2008_007498.png,1,5.6712024e-15,1.0
C:\Users\23060814\Desktop\NNC_130\samples\sample_dataset\Face_non_face\32_32_80_20\0\yaleB31_P00A+095E+00.png,0,0.9999994,5.485091e-07
C:\Users\23060814\Desktop\NNC_130\samples\sample_dataset\Face_non_face\32_32_80_20\0\yaleB36_P00A+025E+00.png,0,0.9998821,0.00011783523
C:\Users\23060814\Desktop\NNC_130\samples\sample_dataset\Face_non_face\32_32_80_20\0\yaleB07_P00A+050E+00.png,0,0.9999064,9.351955e-05
C:\Users\23060814\Desktop\NNC_130\samples\sample_dataset\Face_non_face\32_32_80_20\0\yaleB19_P00A+095E+00.png,0,0.999995,4.9683695e-06
C:\Users\23060814\Desktop\NNC_130\samples\sample_dataset\Face_non_face\32_32_80_20\1\2007_002370.png,1,9.752747e-09,1.0
C:\Users\23060814\Desktop\NNC_130\samples\sample_dataset\Face_non_face\32_32_80_20\0\yaleB11_P00A+005E-10.png,0,0.9999876,1.2446677e-05
C:\Users\23060814\Desktop\NNC_130\samples\sample_dataset\Face_non_face\32_32_80_20\1\2007_003131.png,1,7.3940194e-11,1.0
C:\Users\23060814\Desktop\NNC_130\samples\sample_dataset\Face_non_face\32_32_80_20\0\yaleB18_P00A+000E+00.png,0,0.9999646,3.5372912e-05
C:\Users\23060814\Desktop\NNC_130\samples\sample_dataset\Face_non_face\32_32_80_20\0\yaleB15_P00A+000E+90.png,0,0.9972095,0.0027904687
C:\Users\23060814\Desktop\NNC_130\samples\sample_dataset\Face_non_face\32_32_80_20\0\yaleB02_P00A+005E-10.png,0,0.9999995,4.8903263e-07
C:\Users\23060814\Desktop\NNC_130\samples\sample_dataset\Face_non_face\32_32_80_20\0\yaleB35_P00A+005E-10.png,0,0.9998958,0.000104203
C:\Users\23060814\Desktop\NNC_130\samples\sample_dataset\Face_non_face\32_32_80_20\0\yaleB05_P00A+110E+65.png,0,0.99958175,0.00041821616
C:\Users\23060814\Desktop\NNC_130\samples\sample_dataset\Face_non_face\32_32_80_20\1\2008_008362.png,1,2.2119528e-13,1.0
C:\Users\23060814\Desktop\NNC_130\samples\sample_dataset\Face_non_face\32_32_80_20\1\2009_000409.png,1,6.055286e-07,0.9999994
C:\Users\23060814\Desktop\NNC_130\samples\sample_dataset\Face_non_face\32_32_80_20\1\2008_007804.png,1,8.199774e-08,0.9999999
C:\Users\23060814\Desktop\NNC_130\samples\sample_dataset\Face_non_face\32_32_80_20\0\yaleB01_P00A+070E-35.png,0,0.99999774,2.2593113e-06
C:\Users\23060814\Desktop\NNC_130\samples\sample_dataset\Face_non_face\32_32_80_20\1\2008_005678.png,1,5.768656e-12,1.0
C:\Users\23060814\Desktop\NNC_130\samples\sample_dataset\Face_non_face\32_32_80_20\0\yaleB08_P00A+050E-40.png,0,0.9996463,0.00035368532
C:\Users\23060814\Desktop\NNC_130\samples\sample_dataset\Face_non_face\32_32_80_20\1\2008_002379.png,1,2.1954502e-10,1.0
C:\Users\23060814\Desktop\NNC_130\samples\sample_dataset\Face_non_face\32_32_80_20\1\2007_005878.png,1,4.6344944e-08,1.0
C:\Users\23060814\Desktop\NNC_130\samples\sample_dataset\Face_non_face\32_32_80_20\0\yaleB19_P00A+000E-20.png,0,0.99995303,4.6983605e-05
C:\Users\23060814\Desktop\NNC_130\samples\sample_dataset\Face_non_face\32_32_80_20\1\2008_001971.png,1,7.614683e-16,1.0
C:\Users\23060814\Desktop\NNC_130\samples\sample_dataset\Face_non_face\32_32_80_20\0\yaleB25_P00A+060E+20.png,0,1.0,6.518066e-09
C:\Users\23060814\Desktop\NNC_130\samples\sample_dataset\Face_non_face\32_32_80_20\1\2007_009899.png,1,3.1739763e-08,1.0
C:\Users\23060814\Desktop\NNC_130\samples\sample_dataset\Face_non_face\32_32_80_20\1\2007_003711.png,1,7.607447e-05,0.99992394
C:\Users\23060814\Desktop\NNC_130\samples\sample_dataset\Face_non_face\32_32_80_20\0\yaleB32_P00A+070E+45.png,0,0.99999774,2.3129908e-06
C:\Users\23060814\Desktop\NNC_130\samples\sample_dataset\Face_non_face\32_32_80_20\1\2009_000205.png,1,2.8432936e-09,1.0
C:\Users\23060814\Desktop\NNC_130\samples\sample_dataset\Face_non_face\32_32_80_20\0\yaleB33_P00A-020E-10.png,0,0.99998736,1.2630461e-05
C:\Users\23060814\Desktop\NNC_130\samples\sample_dataset\Face_non_face\32_32_80_20\0\yaleB10_P00A+070E+00.png,0,1.0,5.726044e-09
C:\Users\23060814\Desktop\NNC_130\samples\sample_dataset\Face_non_face\32_32_80_20\1\2009_000347.png,1,3.259548e-06,0.9999968
C:\Users\23060814\Desktop\NNC_130\samples\sample_dataset\Face_non_face\32_32_80_20\0\yaleB28_P00A+070E-35.png,0,0.9999988,1.1380376e-06
C:\Users\23060814\Desktop\NNC_130\samples\sample_dataset\Face_non_face\32_32_80_20\0\yaleB19_P00A+010E+00.png,0,0.9999962,3.8104831e-06
C:\Users\23060814\Desktop\NNC_130\samples\sample_dataset\Face_non_face\32_32_80_20\0\yaleB25_P00A+070E+45.png,0,1.0,3.6899266e-08
C:\Users\23060814\Desktop\NNC_130\samples\sample_dataset\Face_non_face\32_32_80_20\1\2007_006678.png,1,2.4821296e-11,1.0
C:\Users\23060814\Desktop\NNC_130\samples\sample_dataset\Face_non_face\32_32_80_20\0\yaleB02_P00A+000E-35.png,0,0.9999969,3.091018e-06
C:\Users\23060814\Desktop\NNC_130\samples\sample_dataset\Face_non_face\32_32_80_20\1\2007_005074.png,1,6.1989975e-13,1.0
C:\Users\23060814\Desktop\NNC_130\samples\sample_dataset\Face_non_face\32_32_80_20\0\yaleB09_P00A+035E+15.png,0,0.99999774,2.2532092e-06
C:\Users\23060814\Desktop\NNC_130\samples\sample_dataset\Face_non_face\32_32_80_20\1\2007_006553.png,1,0.0007587358,0.99924123
C:\Users\23060814\Desktop\NNC_130\samples\sample_dataset\Face_non_face\32_32_80_20\0\yaleB04_P00A+050E-40.png,0,0.9994281,0.00057191146
C:\Users\23060814\Desktop\NNC_130\samples\sample_dataset\Face_non_face\32_32_80_20\0\yaleB06_P00A+050E+00.png,0,0.9999975,2.4742926e-06
C:\Users\23060814\Desktop\NNC_130\samples\sample_dataset\Face_non_face\32_32_80_20\0\yaleB33_P00A+035E+15.png,0,0.9999851,1.4891883e-05
C:\Users\23060814\Desktop\NNC_130\samples\sample_dataset\Face_non_face\32_32_80_20\0\yaleB26_P00A+050E+00.png,0,0.99999774,2.252324e-06
C:\Users\23060814\Desktop\NNC_130\samples\sample_dataset\Face_non_face\32_32_80_20\0\yaleB20_P00A+035E-20.png,0,0.99997985,2.010038e-05
C:\Users\23060814\Desktop\NNC_130\samples\sample_dataset\Face_non_face\32_32_80_20\1\2008_006553.png,1,6.7923286e-16,1.0
C:\Users\23060814\Desktop\NNC_130\samples\sample_dataset\Face_non_face\32_32_80_20\0\yaleB07_P00A-010E-20.png,0,0.999332,0.0006680195
C:\Users\23060814\Desktop\NNC_130\samples\sample_dataset\Face_non_face\32_32_80_20\1\2008_003709.png,1,3.4180816e-09,1.0
C:\Users\23060814\Desktop\NNC_130\samples\sample_dataset\Face_non_face\32_32_80_20\0\yaleB34_P00A+085E-20.png,0,0.99999964,3.7797375e-07
C:\Users\23060814\Desktop\NNC_130\samples\sample_dataset\Face_non_face\32_32_80_20\0\yaleB23_P00A+050E-40.png,0,0.99996054,3.9411756e-05
C:\Users\23060814\Desktop\NNC_130\samples\sample_dataset\Face_non_face\32_32_80_20\0\yaleB39_P00A-010E-20.png,0,0.99996996,3.0072968e-05
C:\Users\23060814\Desktop\NNC_130\samples\sample_dataset\Face_non_face\32_32_80_20\1\2008_001358.png,1,3.3543355e-17,1.0
C:\Users\23060814\Desktop\NNC_130\samples\sample_dataset\Face_non_face\32_32_80_20\0\yaleB06_P00A-010E-20.png,0,0.9999993,7.239456e-07
C:\Users\23060814\Desktop\NNC_130\samples\sample_dataset\Face_non_face\32_32_80_20\1\2008_000188.png,1,1.636384e-06,0.99999833
C:\Users\23060814\Desktop\NNC_130\samples\sample_dataset\Face_non_face\32_32_80_20\0\yaleB19_P00A+110E+40.png,0,0.9999901,9.841509e-06
C:\Users\23060814\Desktop\NNC_130\samples\sample_dataset\Face_non_face\32_32_80_20\1\2008_005375.png,1,4.3469008e-08,1.0
C:\Users\23060814\Desktop\NNC_130\samples\sample_dataset\Face_non_face\32_32_80_20\0\yaleB36_P00A+070E-35.png,0,0.99999976,1.9049885e-07
C:\Users\23060814\Desktop\NNC_130\samples\sample_dataset\Face_non_face\32_32_80_20\0\yaleB38_P00A+095E+00.png,0,0.99956244,0.00043755918
C:\Users\23060814\Desktop\NNC_130\samples\sample_dataset\Face_non_face\32_32_80_20\0\yaleB35_P00A+070E+45.png,0,0.99999845,1.5874436e-06
C:\Users\23060814\Desktop\NNC_130\samples\sample_dataset\Face_non_face\32_32_80_20\0\yaleB37_P00A+070E-35.png,0,0.99999726,2.777664e-06
C:\Users\23060814\Desktop\NNC_130\samples\sample_dataset\Face_non_face\32_32_80_20\1\2008_002255.png,1,6.200361e-08,0.9999999
C:\Users\23060814\Desktop\NNC_130\samples\sample_dataset\Face_non_face\32_32_80_20\1\2008_006877.png,1,1.3055627e-11,1.0
C:\Users\23060814\Desktop\NNC_130\samples\sample_dataset\Face_non_face\32_32_80_20\0\yaleB29_P00A+020E-40.png,0,0.99996305,3.695247e-05
C:\Users\23060814\Desktop\NNC_130\samples\sample_dataset\Face_non_face\32_32_80_20\1\2008_007123.png,1,6.432909e-08,0.9999999
C:\Users\23060814\Desktop\NNC_130\samples\sample_dataset\Face_non_face\32_32_80_20\1\2007_004663.png,1,2.220512e-10,1.0
C:\Users\23060814\Desktop\NNC_130\samples\sample_dataset\Face_non_face\32_32_80_20\1\2008_003500.png,1,6.4574657e-10,1.0
C:\Users\23060814\Desktop\NNC_130\samples\sample_dataset\Face_non_face\32_32_80_20\0\yaleB33_P00A-015E+20.png,0,0.9999995,5.079532e-07
C:\Users\23060814\Desktop\NNC_130\samples\sample_dataset\Face_non_face\32_32_80_20\1\2007_000629.png,1,1.2869601e-05,0.9999871
C:\Users\23060814\Desktop\NNC_130\samples\sample_dataset\Face_non_face\32_32_80_20\0\yaleB11_P00A+010E+00.png,0,0.9999937,6.357567e-06
C:\Users\23060814\Desktop\NNC_130\samples\sample_dataset\Face_non_face\32_32_80_20\0\yaleB07_P00A+035E+40.png,0,1.0,6.908179e-09
C:\Users\23060814\Desktop\NNC_130\samples\sample_dataset\Face_non_face\32_32_80_20\0\yaleB16_P00A+050E+00.png,0,0.9999918,8.229611e-06
C:\Users\23060814\Desktop\NNC_130\samples\sample_dataset\Face_non_face\32_32_80_20\0\yaleB34_P00A+070E+45.png,0,0.99998176,1.8270111e-05
C:\Users\23060814\Desktop\NNC_130\samples\sample_dataset\Face_non_face\32_32_80_20\1\2008_001399.png,1,1.2763437e-15,1.0
C:\Users\23060814\Desktop\NNC_130\samples\sample_dataset\Face_non_face\32_32_80_20\1\2008_007759.png,1,2.7064037e-15,1.0
C:\Users\23060814\Desktop\NNC_130\samples\sample_dataset\Face_non_face\32_32_80_20\0\yaleB38_P00A+060E+20.png,0,0.9999999,1.58478e-07
C:\Users\23060814\Desktop\NNC_130\samples\sample_dataset\Face_non_face\32_32_80_20\1\2008_003168.png,1,1.4840694e-13,1.0
C:\Users\23060814\Desktop\NNC_130\samples\sample_dataset\Face_non_face\32_32_80_20\1\2007_004866.png,1,2.1387942e-08,1.0
C:\Users\23060814\Desktop\NNC_130\samples\sample_dataset\Face_non_face\32_32_80_20\0\yaleB11_P00A+000E+20.png,0,0.9999999,7.564251e-08
C:\Users\23060814\Desktop\NNC_130\samples\sample_dataset\Face_non_face\32_32_80_20\1\2008_005714.png,1,2.0972342e-08,1.0
C:\Users\23060814\Desktop\NNC_130\samples\sample_dataset\Face_non_face\32_32_80_20\0\yaleB28_P00A+110E+65.png,0,0.99999845,1.5336794e-06
C:\Users\23060814\Desktop\NNC_130\samples\sample_dataset\Face_non_face\32_32_80_20\1\2007_004768.png,1,2.0442728e-07,0.99999976
C:\Users\23060814\Desktop\NNC_130\samples\sample_dataset\Face_non_face\32_32_80_20\1\2008_000123.png,1,4.5172557e-10,1.0
C:\Users\23060814\Desktop\NNC_130\samples\sample_dataset\Face_non_face\32_32_80_20\0\yaleB03_P00A+095E+00.png,0,0.9999913,8.701096e-06
C:\Users\23060814\Desktop\NNC_130\samples\sample_dataset\Face_non_face\32_32_80_20\0\yaleB22_P00A+050E-40.png,0,0.99999964,3.1774476e-07
C:\Users\23060814\Desktop\NNC_130\samples\sample_dataset\Face_non_face\32_32_80_20\1\2008_003415.png,1,7.989584e-06,0.999992
C:\Users\23060814\Desktop\NNC_130\samples\sample_dataset\Face_non_face\32_32_80_20\1\2007_009841.png,1,3.7013383e-12,1.0
C:\Users\23060814\Desktop\NNC_130\samples\sample_dataset\Face_non_face\32_32_80_20\0\yaleB25_P00A+035E+65.png,0,0.9999616,3.8374925e-05
C:\Users\23060814\Desktop\NNC_130\samples\sample_dataset\Face_non_face\32_32_80_20\1\2007_009348.png,1,5.47003e-14,1.0
C:\Users\23060814\Desktop\NNC_130\samples\sample_dataset\Face_non_face\32_32_80_20\1\2008_003976.png,1,1.2516065e-08,1.0
C:\Users\23060814\Desktop\NNC_130\samples\sample_dataset\Face_non_face\32_32_80_20\0\yaleB30_P00A+085E+20.png,0,0.99999666,3.3929507e-06
C:\Users\23060814\Desktop\NNC_130\samples\sample_dataset\Face_non_face\32_32_80_20\0\yaleB21_P00A+085E-20.png,0,0.99999595,4.077328e-06
C:\Users\23060814\Desktop\NNC_130\samples\sample_dataset\Face_non_face\32_32_80_20\0\yaleB03_P00A+120E+00.png,0,0.99998486,1.5095683e-05
C:\Users\23060814\Desktop\NNC_130\samples\sample_dataset\Face_non_face\32_32_80_20\1\2007_000727.png,1,8.04214e-07,0.99999917
C:\Users\23060814\Desktop\NNC_130\samples\sample_dataset\Face_non_face\32_32_80_20\1\2008_006908.png,1,2.3269575e-13,1.0
C:\Users\23060814\Desktop\NNC_130\samples\sample_dataset\Face_non_face\32_32_80_20\1\2008_006353.png,1,5.9565686e-11,1.0
C:\Users\23060814\Desktop\NNC_130\samples\sample_dataset\Face_non_face\32_32_80_20\0\yaleB05_P00A+110E+40.png,0,0.99999845,1.5356771e-06
C:\Users\23060814\Desktop\NNC_130\samples\sample_dataset\Face_non_face\32_32_80_20\1\2008_003155.png,1,3.1363865e-09,1.0
C:\Users\23060814\Desktop\NNC_130\samples\sample_dataset\Face_non_face\32_32_80_20\1\2007_006832.png,1,2.3874023e-13,1.0
C:\Users\23060814\Desktop\NNC_130\samples\sample_dataset\Face_non_face\32_32_80_20\1\2008_005727.png,1,3.4448827e-13,1.0
C:\Users\23060814\Desktop\NNC_130\samples\sample_dataset\Face_non_face\32_32_80_20\0\yaleB20_P00A+070E-35.png,0,0.99999976,2.6793208e-07
C:\Users\23060814\Desktop\NNC_130\samples\sample_dataset\Face_non_face\32_32_80_20\0\yaleB36_P00A-010E-20.png,0,0.9999417,5.8312173e-05
C:\Users\23060814\Desktop\NNC_130\samples\sample_dataset\Face_non_face\32_32_80_20\0\yaleB02_P00A+020E-40.png,0,0.9999857,1.4330438e-05
C:\Users\23060814\Desktop\NNC_130\samples\sample_dataset\Face_non_face\32_32_80_20\1\2007_000187.png,1,2.5959006e-08,1.0
C:\Users\23060814\Desktop\NNC_130\samples\sample_dataset\Face_non_face\32_32_80_20\0\yaleB33_P00A-020E+10.png,0,0.9999976,2.4180504e-06
C:\Users\23060814\Desktop\NNC_130\samples\sample_dataset\Face_non_face\32_32_80_20\1\2007_009209.png,1,1.8444369e-05,0.9999815
C:\Users\23060814\Desktop\NNC_130\samples\sample_dataset\Face_non_face\32_32_80_20\0\yaleB36_P00A+005E-10.png,0,0.99997854,2.140329e-05
C:\Users\23060814\Desktop\NNC_130\samples\sample_dataset\Face_non_face\32_32_80_20\0\yaleB22_P00A+035E-20.png,0,0.9999443,5.567083e-05
C:\Users\23060814\Desktop\NNC_130\samples\sample_dataset\Face_non_face\32_32_80_20\0\yaleB28_P00A+085E-20.png,0,0.9999975,2.4649542e-06
C:\Users\23060814\Desktop\NNC_130\samples\sample_dataset\Face_non_face\32_32_80_20\1\2008_002241.png,1,1.2123183e-13,1.0
C:\Users\23060814\Desktop\NNC_130\samples\sample_dataset\Face_non_face\32_32_80_20\1\2009_000444.png,1,2.5941616e-13,1.0
C:\Users\23060814\Desktop\NNC_130\samples\sample_dataset\Face_non_face\32_32_80_20\0\yaleB29_P00A+035E+40.png,0,1.0,9.36336e-09
C:\Users\23060814\Desktop\NNC_130\samples\sample_dataset\Face_non_face\32_32_80_20\1\2008_001208.png,1,1.4982309e-12,1.0
C:\Users\23060814\Desktop\NNC_130\samples\sample_dataset\Face_non_face\32_32_80_20\1\2008_003477.png,1,8.570563e-17,1.0
C:\Users\23060814\Desktop\NNC_130\samples\sample_dataset\Face_non_face\32_32_80_20\0\yaleB06_P00A+130E+20.png,0,0.99999917,8.1969256e-07
C:\Users\23060814\Desktop\NNC_130\samples\sample_dataset\Face_non_face\32_32_80_20\1\2008_007355.png,1,5.695445e-06,0.9999943
C:\Users\23060814\Desktop\NNC_130\samples\sample_dataset\Face_non_face\32_32_80_20\0\yaleB04_P00A+060E+20.png,0,0.9999995,4.211827e-07
C:\Users\23060814\Desktop\NNC_130\samples\sample_dataset\Face_non_face\32_32_80_20\0\yaleB25_P00A+085E-20.png,0,1.0,3.778598e-08
C:\Users\23060814\Desktop\NNC_130\samples\sample_dataset\Face_non_face\32_32_80_20\1\2008_003461.png,1,3.5884894e-18,1.0
C:\Users\23060814\Desktop\NNC_130\samples\sample_dataset\Face_non_face\32_32_80_20\1\2008_003814.png,1,7.592564e-13,1.0
C:\Users\23060814\Desktop\NNC_130\samples\sample_dataset\Face_non_face\32_32_80_20\0\yaleB19_P00A+085E+20.png,0,0.99999976,2.4071576e-07
C:\Users\23060814\Desktop\NNC_130\samples\sample_dataset\Face_non_face\32_32_80_20\1\2008_000578.png,1,3.315176e-12,1.0
C:\Users\23060814\Desktop\NNC_130\samples\sample_dataset\Face_non_face\32_32_80_20\0\yaleB02_P00A-035E-20.png,0,0.99957985,0.00042012418
C:\Users\23060814\Desktop\NNC_130\samples\sample_dataset\Face_non_face\32_32_80_20\1\2008_003562.png,1,9.92237e-12,1.0
C:\Users\23060814\Desktop\NNC_130\samples\sample_dataset\Face_non_face\32_32_80_20\0\yaleB01_P00A+015E+20.png,0,0.9999999,8.6182055e-08
C:\Users\23060814\Desktop\NNC_130\samples\sample_dataset\Face_non_face\32_32_80_20\0\yaleB03_P00A-010E+00.png,0,0.9998969,0.000103072234
C:\Users\23060814\Desktop\NNC_130\samples\sample_dataset\Face_non_face\32_32_80_20\0\yaleB01_P00A+085E+20.png,0,0.99999964,3.8331282e-07
C:\Users\23060814\Desktop\NNC_130\samples\sample_dataset\Face_non_face\32_32_80_20\0\yaleB03_P00A+020E+10.png,0,0.99999917,7.896224e-07
C:\Users\23060814\Desktop\NNC_130\samples\sample_dataset\Face_non_face\32_32_80_20\1\2008_003926.png,1,0.0058923056,0.9941077
C:\Users\23060814\Desktop\NNC_130\samples\sample_dataset\Face_non_face\32_32_80_20\0\yaleB03_P00A+020E-10.png,0,0.9999807,1.9334808e-05
C:\Users\23060814\Desktop\NNC_130\samples\sample_dataset\Face_non_face\32_32_80_20\1\2007_001377.png,1,2.1012461e-08,1.0
C:\Users\23060814\Desktop\NNC_130\samples\sample_dataset\Face_non_face\32_32_80_20\1\2008_000469.png,1,3.3831173e-19,1.0
C:\Users\23060814\Desktop\NNC_130\samples\sample_dataset\Face_non_face\32_32_80_20\0\yaleB07_P00A+060E+20.png,0,1.0,3.8277797e-08
C:\Users\23060814\Desktop\NNC_130\samples\sample_dataset\Face_non_face\32_32_80_20\1\2008_003939.png,1,1.2498507e-08,1.0
C:\Users\23060814\Desktop\NNC_130\samples\sample_dataset\Face_non_face\32_32_80_20\0\yaleB35_P00A-010E-20.png,0,0.9998951,0.00010494031
C:\Users\23060814\Desktop\NNC_130\samples\sample_dataset\Face_non_face\32_32_80_20\1\2007_004328.png,1,3.238292e-13,1.0
C:\Users\23060814\Desktop\NNC_130\samples\sample_dataset\Face_non_face\32_32_80_20\1\2007_003778.png,1,5.975483e-06,0.99999404
C:\Users\23060814\Desktop\NNC_130\samples\sample_dataset\Face_non_face\32_32_80_20\1\2007_000452.png,1,9.626831e-13,1.0
C:\Users\23060814\Desktop\NNC_130\samples\sample_dataset\Face_non_face\32_32_80_20\1\2007_005266.png,1,1.4011907e-11,1.0
C:\Users\23060814\Desktop\NNC_130\samples\sample_dataset\Face_non_face\32_32_80_20\1\2007_000549.png,1,3.1276727e-07,0.99999964
C:\Users\23060814\Desktop\NNC_130\samples\sample_dataset\Face_non_face\32_32_80_20\1\2008_007357.png,1,9.289147e-09,1.0
C:\Users\23060814\Desktop\NNC_130\samples\sample_dataset\Face_non_face\32_32_80_20\1\2007_003788.png,1,1.5397554e-06,0.99999845
C:\Users\23060814\Desktop\NNC_130\samples\sample_dataset\Face_non_face\32_32_80_20\1\2008_007031.png,1,2.0534989e-08,1.0
C:\Users\23060814\Desktop\NNC_130\samples\sample_dataset\Face_non_face\32_32_80_20\0\yaleB05_P00A+020E-40.png,0,0.99999213,7.914621e-06
C:\Users\23060814\Desktop\NNC_130\samples\sample_dataset\Face_non_face\32_32_80_20\1\2007_000645.png,1,2.972026e-17,1.0
C:\Users\23060814\Desktop\NNC_130\samples\sample_dataset\Face_non_face\32_32_80_20\0\yaleB11_P00A+000E-35.png,0,0.99949324,0.0005067038
C:\Users\23060814\Desktop\NNC_130\samples\sample_dataset\Face_non_face\32_32_80_20\1\2009_000532.png,1,2.591149e-10,1.0
C:\Users\23060814\Desktop\NNC_130\samples\sample_dataset\Face_non_face\32_32_80_20\1\2008_001135.png,1,2.4258245e-11,1.0
C:\Users\23060814\Desktop\NNC_130\samples\sample_dataset\Face_non_face\32_32_80_20\0\yaleB16_P00A+000E+45.png,0,1.0,1.387515e-08
C:\Users\23060814\Desktop\NNC_130\samples\sample_dataset\Face_non_face\32_32_80_20\0\yaleB31_P00A+035E+40.png,0,0.9999999,6.079484e-08
C:\Users\23060814\Desktop\NNC_130\samples\sample_dataset\Face_non_face\32_32_80_20\0\yaleB08_P00A+005E+10.png,0,0.999997,3.0011997e-06
C:\Users\23060814\Desktop\NNC_130\samples\sample_dataset\Face_non_face\32_32_80_20\1\2008_000911.png,1,9.1836877e-10,1.0
C:\Users\23060814\Desktop\NNC_130\samples\sample_dataset\Face_non_face\32_32_80_20\0\yaleB10_P00A+005E-10.png,0,0.9999994,6.4583645e-07
C:\Users\23060814\Desktop\NNC_130\samples\sample_dataset\Face_non_face\32_32_80_20\0\yaleB38_P00A+050E+00.png,0,0.999856,0.000143964
C:\Users\23060814\Desktop\NNC_130\samples\sample_dataset\Face_non_face\32_32_80_20\0\yaleB01_P00A+085E-20.png,0,0.9999988,1.1675369e-06
C:\Users\23060814\Desktop\NNC_130\samples\sample_dataset\Face_non_face\32_32_80_20\1\2007_005281.png,1,3.1863465e-14,1.0
C:\Users\23060814\Desktop\NNC_130\samples\sample_dataset\Face_non_face\32_32_80_20\0\yaleB20_P00A+060E+20.png,0,1.0,2.5928474e-08
C:\Users\23060814\Desktop\NNC_130\samples\sample_dataset\Face_non_face\32_32_80_20\1\2009_000412.png,1,8.572891e-12,1.0
C:\Users\23060814\Desktop\NNC_130\samples\sample_dataset\Face_non_face\32_32_80_20\0\yaleB37_P00A+070E+00.png,0,0.9999994,6.0825346e-07
C:\Users\23060814\Desktop\NNC_130\samples\sample_dataset\Face_non_face\32_32_80_20\1\2007_001073.png,1,3.3892944e-10,1.0
C:\Users\23060814\Desktop\NNC_130\samples\sample_dataset\Face_non_face\32_32_80_20\1\2007_000061.png,1,1.8955026e-12,1.0
C:\Users\23060814\Desktop\NNC_130\samples\sample_dataset\Face_non_face\32_32_80_20\0\yaleB23_P00A+070E-35.png,0,0.99999917,8.592353e-07
C:\Users\23060814\Desktop\NNC_130\samples\sample_dataset\Face_non_face\32_32_80_20\1\2008_002495.png,1,0.51074374,0.48925632
C:\Users\23060814\Desktop\NNC_130\samples\sample_dataset\Face_non_face\32_32_80_20\0\yaleB35_P00A+095E+00.png,0,0.9995322,0.00046779957
C:\Users\23060814\Desktop\NNC_130\samples\sample_dataset\Face_non_face\32_32_80_20\1\2008_003876.png,1,4.857367e-10,1.0
C:\Users\23060814\Desktop\NNC_130\samples\sample_dataset\Face_non_face\32_32_80_20\1\2008_006751.png,1,1.3626244e-14,1.0
C:\Users\23060814\Desktop\NNC_130\samples\sample_dataset\Face_non_face\32_32_80_20\0\yaleB24_P00A+015E+20.png,0,0.9999981,1.9598308e-06
C:\Users\23060814\Desktop\NNC_130\samples\sample_dataset\Face_non_face\32_32_80_20\1\2008_000661.png,1,1.9931323e-10,1.0
C:\Users\23060814\Desktop\NNC_130\samples\sample_dataset\Face_non_face\32_32_80_20\1\2008_004363.png,1,2.1367376e-17,1.0
C:\Users\23060814\Desktop\NNC_130\samples\sample_dataset\Face_non_face\32_32_80_20\0\yaleB01_P00A+095E+00.png,0,0.9999964,3.6125275e-06
C:\Users\23060814\Desktop\NNC_130\samples\sample_dataset\Face_non_face\32_32_80_20\1\2008_004069.png,1,1.4834708e-07,0.9999999
C:\Users\23060814\Desktop\NNC_130\samples\sample_dataset\Face_non_face\32_32_80_20\0\yaleB29_P00A+010E+00.png,0,1.0,5.1284307e-08
C:\Users\23060814\Desktop\NNC_130\samples\sample_dataset\Face_non_face\32_32_80_20\0\yaleB39_P00A+025E+00.png,0,0.9999833,1.6716433e-05
C:\Users\23060814\Desktop\NNC_130\samples\sample_dataset\Face_non_face\32_32_80_20\1\2007_003715.png,1,1.8069332e-11,1.0
C:\Users\23060814\Desktop\NNC_130\samples\sample_dataset\Face_non_face\32_32_80_20\0\yaleB24_P00A+000E-35.png,0,0.9999747,2.5244333e-05
C:\Users\23060814\Desktop\NNC_130\samples\sample_dataset\Face_non_face\32_32_80_20\0\yaleB24_P00A+035E+40.png,0,0.9999989,1.0995697e-06
C:\Users\23060814\Desktop\NNC_130\samples\sample_dataset\Face_non_face\32_32_80_20\1\2008_001375.png,1,4.7478817e-20,1.0
C:\Users\23060814\Desktop\NNC_130\samples\sample_dataset\Face_non_face\32_32_80_20\1\2008_002504.png,1,2.623926e-12,1.0
C:\Users\23060814\Desktop\NNC_130\samples\sample_dataset\Face_non_face\32_32_80_20\0\yaleB24_P00A+085E+20.png,0,1.0,1.9573872e-10
C:\Users\23060814\Desktop\NNC_130\samples\sample_dataset\Face_non_face\32_32_80_20\0\yaleB15_P00A+035E-20.png,0,0.9999888,1.1245549e-05
C:\Users\23060814\Desktop\NNC_130\samples\sample_dataset\Face_non_face\32_32_80_20\0\yaleB36_P00A-020E-40.png,0,0.99992526,7.474309e-05
C:\Users\23060814\Desktop\NNC_130\samples\sample_dataset\Face_non_face\32_32_80_20\1\2007_007480.png,1,6.7884315e-08,0.9999999
C:\Users\23060814\Desktop\NNC_130\samples\sample_dataset\Face_non_face\32_32_80_20\0\yaleB01_P00A+035E+40.png,0,1.0,2.5427456e-08
C:\Users\23060814\Desktop\NNC_130\samples\sample_dataset\Face_non_face\32_32_80_20\0\yaleB38_P00A+070E+45.png,0,0.99999976,2.5500898e-07
C:\Users\23060814\Desktop\NNC_130\samples\sample_dataset\Face_non_face\32_32_80_20\0\yaleB17_P00A+095E+00.png,0,0.9999999,8.436713e-08
C:\Users\23060814\Desktop\NNC_130\samples\sample_dataset\Face_non_face\32_32_80_20\1\2007_009533.png,1,2.8422214e-08,1.0
C:\Users\23060814\Desktop\NNC_130\samples\sample_dataset\Face_non_face\32_32_80_20\0\yaleB18_P00A+000E+90.png,0,0.99286544,0.007134604
C:\Users\23060814\Desktop\NNC_130\samples\sample_dataset\Face_non_face\32_32_80_20\1\2007_005360.png,1,1.1334473e-14,1.0
C:\Users\23060814\Desktop\NNC_130\samples\sample_dataset\Face_non_face\32_32_80_20\0\yaleB12_P00A+000E-35.png,0,0.99998057,1.938913e-05
C:\Users\23060814\Desktop\NNC_130\samples\sample_dataset\Face_non_face\32_32_80_20\1\2009_000457.png,1,3.685529e-20,1.0
C:\Users\23060814\Desktop\NNC_130\samples\sample_dataset\Face_non_face\32_32_80_20\0\yaleB22_P00A+010E+00.png,0,0.99812275,0.0018771947
C:\Users\23060814\Desktop\NNC_130\samples\sample_dataset\Face_non_face\32_32_80_20\0\yaleB06_P00A-035E+40.png,0,0.9999993,6.9337705e-07
C:\Users\23060814\Desktop\NNC_130\samples\sample_dataset\Face_non_face\32_32_80_20\0\yaleB03_P00A+010E+00.png,0,0.9999784,2.1635908e-05
C:\Users\23060814\Desktop\NNC_130\samples\sample_dataset\Face_non_face\32_32_80_20\0\yaleB36_P00A+120E+00.png,0,0.9999918,8.275209e-06
C:\Users\23060814\Desktop\NNC_130\samples\sample_dataset\Face_non_face\32_32_80_20\0\yaleB05_P00A+110E+15.png,0,0.99999905,8.970354e-07
C:\Users\23060814\Desktop\NNC_130\samples\sample_dataset\Face_non_face\32_32_80_20\0\yaleB18_P00A+070E+45.png,0,0.9999999,1.6666486e-07
C:\Users\23060814\Desktop\NNC_130\samples\sample_dataset\Face_non_face\32_32_80_20\0\yaleB24_P00A+070E-35.png,0,0.9999999,8.880726e-08
C:\Users\23060814\Desktop\NNC_130\samples\sample_dataset\Face_non_face\32_32_80_20\0\yaleB30_P00A+035E-20.png,0,0.9993814,0.0006185778
C:\Users\23060814\Desktop\NNC_130\samples\sample_dataset\Face_non_face\32_32_80_20\1\2007_007530.png,1,5.727898e-10,1.0
C:\Users\23060814\Desktop\NNC_130\samples\sample_dataset\Face_non_face\32_32_80_20\0\yaleB20_P00A+015E+20.png,0,0.9999999,1.3040284e-07
C:\Users\23060814\Desktop\NNC_130\samples\sample_dataset\Face_non_face\32_32_80_20\1\2007_009562.png,1,1.3502845e-06,0.9999987
C:\Users\23060814\Desktop\NNC_130\samples\sample_dataset\Face_non_face\32_32_80_20\0\yaleB05_P00A+060E-20.png,0,0.9993123,0.0006877384
C:\Users\23060814\Desktop\NNC_130\samples\sample_dataset\Face_non_face\32_32_80_20\0\yaleB02_P00A-010E+00.png,0,0.9999981,1.9216932e-06
C:\Users\23060814\Desktop\NNC_130\samples\sample_dataset\Face_non_face\32_32_80_20\0\yaleB12_P00A+025E+00.png,0,0.99982196,0.00017806965
C:\Users\23060814\Desktop\NNC_130\samples\sample_dataset\Face_non_face\32_32_80_20\1\2007_006605.png,1,2.467386e-09,1.0
C:\Users\23060814\Desktop\NNC_130\samples\sample_dataset\Face_non_face\32_32_80_20\1\2008_000626.png,1,2.2289337e-11,1.0
C:\Users\23060814\Desktop\NNC_130\samples\sample_dataset\Face_non_face\32_32_80_20\0\yaleB09_P00A+060E-20.png,0,0.9999994,5.421818e-07
C:\Users\23060814\Desktop\NNC_130\samples\sample_dataset\Face_non_face\32_32_80_20\1\2008_005367.png,1,4.202915e-10,1.0
C:\Users\23060814\Desktop\NNC_130\samples\sample_dataset\Face_non_face\32_32_80_20\0\yaleB27_P00A+085E-20.png,0,0.9999994,5.754041e-07
C:\Users\23060814\Desktop\NNC_130\samples\sample_dataset\Face_non_face\32_32_80_20\1\2008_001787.png,1,2.73724e-08,1.0
C:\Users\23060814\Desktop\NNC_130\samples\sample_dataset\Face_non_face\32_32_80_20\0\yaleB29_P00A+000E+45.png,0,1.0,1.7714257e-08
C:\Users\23060814\Desktop\NNC_130\samples\sample_dataset\Face_non_face\32_32_80_20\0\yaleB09_P00A+035E+40.png,0,0.9999987,1.36574e-06
C:\Users\23060814\Desktop\NNC_130\samples\sample_dataset\Face_non_face\32_32_80_20\0\yaleB39_P00A+085E-20.png,0,0.9999951,4.8317297e-06
C:\Users\23060814\Desktop\NNC_130\samples\sample_dataset\Face_non_face\32_32_80_20\0\yaleB16_P00A+035E+40.png,0,1.0,3.7177306e-09
C:\Users\23060814\Desktop\NNC_130\samples\sample_dataset\Face_non_face\32_32_80_20\1\2007_009458.png,1,8.0014183e-07,0.99999917
C:\Users\23060814\Desktop\NNC_130\samples\sample_dataset\Face_non_face\32_32_80_20\0\yaleB16_P00A+035E+15.png,0,1.0,2.9297317e-08
C:\Users\23060814\Desktop\NNC_130\samples\sample_dataset\Face_non_face\32_32_80_20\0\yaleB17_P00A+110E+40.png,0,0.99999976,2.1063187e-07
C:\Users\23060814\Desktop\NNC_130\samples\sample_dataset\Face_non_face\32_32_80_20\0\yaleB03_P00A+060E-20.png,0,0.9999007,9.93136e-05
C:\Users\23060814\Desktop\NNC_130\samples\sample_dataset\Face_non_face\32_32_80_20\1\2007_004112.png,1,0.00019825736,0.9998018
C:\Users\23060814\Desktop\NNC_130\samples\sample_dataset\Face_non_face\32_32_80_20\1\2008_000391.png,1,4.711374e-16,1.0
C:\Users\23060814\Desktop\NNC_130\samples\sample_dataset\Face_non_face\32_32_80_20\1\2008_008252.png,1,8.703614e-05,0.999913
C:\Users\23060814\Desktop\NNC_130\samples\sample_dataset\Face_non_face\32_32_80_20\0\yaleB01_P00A+035E+15.png,0,0.9999999,8.226969e-08
C:\Users\23060814\Desktop\NNC_130\samples\sample_dataset\Face_non_face\32_32_80_20\1\2007_007890.png,1,4.1084608e-10,1.0
C:\Users\23060814\Desktop\NNC_130\samples\sample_dataset\Face_non_face\32_32_80_20\1\2007_000663.png,1,4.685062e-06,0.99999535
C:\Users\23060814\Desktop\NNC_130\samples\sample_dataset\Face_non_face\32_32_80_20\1\2007_005130.png,1,5.6831177e-06,0.9999943
C:\Users\23060814\Desktop\NNC_130\samples\sample_dataset\Face_non_face\32_32_80_20\1\2008_002471.png,1,3.5579707e-14,1.0
C:\Users\23060814\Desktop\NNC_130\samples\sample_dataset\Face_non_face\32_32_80_20\0\yaleB26_P00A+070E+00.png,0,1.0,2.5405629e-09
C:\Users\23060814\Desktop\NNC_130\samples\sample_dataset\Face_non_face\32_32_80_20\0\yaleB15_P00A+025E+00.png,0,0.99999774,2.2943082e-06
C:\Users\23060814\Desktop\NNC_130\samples\sample_dataset\Face_non_face\32_32_80_20\1\2008_004339.png,1,9.590626e-11,1.0
C:\Users\23060814\Desktop\NNC_130\samples\sample_dataset\Face_non_face\32_32_80_20\0\yaleB02_P00A-050E+00.png,0,0.9971181,0.0028818727
C:\Users\23060814\Desktop\NNC_130\samples\sample_dataset\Face_non_face\32_32_80_20\1\2008_007998.png,1,6.525177e-14,1.0
C:\Users\23060814\Desktop\NNC_130\samples\sample_dataset\Face_non_face\32_32_80_20\0\yaleB39_P00A+060E-20.png,0,0.99999714,2.8687261e-06
C:\Users\23060814\Desktop\NNC_130\samples\sample_dataset\Face_non_face\32_32_80_20\0\yaleB08_P00A+020E-10.png,0,0.99977857,0.0002214187
C:\Users\23060814\Desktop\NNC_130\samples\sample_dataset\Face_non_face\32_32_80_20\1\2008_002551.png,1,5.374705e-11,1.0
C:\Users\23060814\Desktop\NNC_130\samples\sample_dataset\Face_non_face\32_32_80_20\0\yaleB20_P00A+035E+15.png,0,0.99999785,2.190512e-06
C:\Users\23060814\Desktop\NNC_130\samples\sample_dataset\Face_non_face\32_32_80_20\1\2008_001433.png,1,1.6442071e-13,1.0
C:\Users\23060814\Desktop\NNC_130\samples\sample_dataset\Face_non_face\32_32_80_20\0\yaleB25_P00A+095E+00.png,0,1.0,4.5501288e-08
C:\Users\23060814\Desktop\NNC_130\samples\sample_dataset\Face_non_face\32_32_80_20\0\yaleB32_P00A+035E+40.png,0,0.99998987,1.0172568e-05
C:\Users\23060814\Desktop\NNC_130\samples\sample_dataset\Face_non_face\32_32_80_20\0\yaleB39_P00A+060E+20.png,0,1.0,1.1150996e-08
C:\Users\23060814\Desktop\NNC_130\samples\sample_dataset\Face_non_face\32_32_80_20\1\2007_004988.png,1,1.1993268e-12,1.0
C:\Users\23060814\Desktop\NNC_130\samples\sample_dataset\Face_non_face\32_32_80_20\0\yaleB29_P00A+000E+90.png,0,0.9967811,0.0032188748
C:\Users\23060814\Desktop\NNC_130\samples\sample_dataset\Face_non_face\32_32_80_20\1\2007_007341.png,1,8.3821186e-11,1.0
C:\Users\23060814\Desktop\NNC_130\samples\sample_dataset\Face_non_face\32_32_80_20\1\2007_007534.png,1,2.9799119e-12,1.0
C:\Users\23060814\Desktop\NNC_130\samples\sample_dataset\Face_non_face\32_32_80_20\1\2007_009464.png,1,4.007826e-14,1.0
C:\Users\23060814\Desktop\NNC_130\samples\sample_dataset\Face_non_face\32_32_80_20\0\yaleB02_P00A+050E-40.png,0,0.99991083,8.9115245e-05
C:\Users\23060814\Desktop\NNC_130\samples\sample_dataset\Face_non_face\32_32_80_20\0\yaleB28_P00A-005E+10.png,0,0.9999039,9.6088304e-05
C:\Users\23060814\Desktop\NNC_130\samples\sample_dataset\Face_non_face\32_32_80_20\1\2009_000103.png,1,0.00015332524,0.9998467
C:\Users\23060814\Desktop\NNC_130\samples\sample_dataset\Face_non_face\32_32_80_20\1\2008_005747.png,1,2.2083842e-07,0.99999976
C:\Users\23060814\Desktop\NNC_130\samples\sample_dataset\Face_non_face\32_32_80_20\1\2008_005196.png,1,0.0016047393,0.99839526
C:\Users\23060814\Desktop\NNC_130\samples\sample_dataset\Face_non_face\32_32_80_20\0\yaleB13_P00A-020E-10.png,0,0.9998067,0.00019328375
C:\Users\23060814\Desktop\NNC_130\samples\sample_dataset\Face_non_face\32_32_80_20\1\2008_006229.png,1,1.239065e-08,1.0
C:\Users\23060814\Desktop\NNC_130\samples\sample_dataset\Face_non_face\32_32_80_20\1\2009_000096.png,1,4.0631767e-17,1.0
C:\Users\23060814\Desktop\NNC_130\samples\sample_dataset\Face_non_face\32_32_80_20\1\2007_005294.png,1,8.191399e-11,1.0
C:\Users\23060814\Desktop\NNC_130\samples\sample_dataset\Face_non_face\32_32_80_20\1\2008_006032.png,1,3.2357008e-08,1.0
C:\Users\23060814\Desktop\NNC_130\samples\sample_dataset\Face_non_face\32_32_80_20\0\yaleB02_P00A-020E-10.png,0,0.99999285,7.103237e-06
C:\Users\23060814\Desktop\NNC_130\samples\sample_dataset\Face_non_face\32_32_80_20\0\yaleB34_P00A-020E+10.png,0,0.9999989,1.0468359e-06
C:\Users\23060814\Desktop\NNC_130\samples\sample_dataset\Face_non_face\32_32_80_20\0\yaleB07_P00A+020E-40.png,0,0.99787056,0.0021294777
C:\Users\23060814\Desktop\NNC_130\samples\sample_dataset\Face_non_face\32_32_80_20\1\2008_001040.png,1,3.3064667e-09,1.0
C:\Users\23060814\Desktop\NNC_130\samples\sample_dataset\Face_non_face\32_32_80_20\0\yaleB09_P00A+060E+20.png,0,1.0,2.822697e-08
C:\Users\23060814\Desktop\NNC_130\samples\sample_dataset\Face_non_face\32_32_80_20\0\yaleB33_P00A-010E+00.png,0,0.9999937,6.271837e-06
C:\Users\23060814\Desktop\NNC_130\samples\sample_dataset\Face_non_face\32_32_80_20\1\2008_001682.png,1,4.977054e-10,1.0
C:\Users\23060814\Desktop\NNC_130\samples\sample_dataset\Face_non_face\32_32_80_20\0\yaleB37_P00A+020E-40.png,0,0.9999914,8.602498e-06
C:\Users\23060814\Desktop\NNC_130\samples\sample_dataset\Face_non_face\32_32_80_20\1\2007_006900.png,1,1.8458995e-11,1.0
C:\Users\23060814\Desktop\NNC_130\samples\sample_dataset\Face_non_face\32_32_80_20\0\yaleB31_P00A-015E+20.png,0,0.99999964,3.0842142e-07
C:\Users\23060814\Desktop\NNC_130\samples\sample_dataset\Face_non_face\32_32_80_20\1\2007_004143.png,1,2.4976805e-09,1.0
C:\Users\23060814\Desktop\NNC_130\samples\sample_dataset\Face_non_face\32_32_80_20\0\yaleB39_P00A+110E-20.png,0,0.999946,5.3959706e-05
C:\Users\23060814\Desktop\NNC_130\samples\sample_dataset\Face_non_face\32_32_80_20\0\yaleB04_P00A+035E+40.png,0,0.9999999,1.0909695e-07
C:\Users\23060814\Desktop\NNC_130\samples\sample_dataset\Face_non_face\32_32_80_20\0\yaleB16_P00A+000E+90.png,0,0.9999902,9.722634e-06
C:\Users\23060814\Desktop\NNC_130\samples\sample_dataset\Face_non_face\32_32_80_20\0\yaleB13_P00A-005E-10.png,0,0.9997943,0.00020570944
C:\Users\23060814\Desktop\NNC_130\samples\sample_dataset\Face_non_face\32_32_80_20\1\2007_009605.png,1,2.0500558e-11,1.0
C:\Users\23060814\Desktop\NNC_130\samples\sample_dataset\Face_non_face\32_32_80_20\0\yaleB15_P00A+020E-40.png,0,0.9999765,2.3454846e-05
C:\Users\23060814\Desktop\NNC_130\samples\sample_dataset\Face_non_face\32_32_80_20\1\2008_006345.png,1,1.0630901e-08,1.0
C:\Users\23060814\Desktop\NNC_130\samples\sample_dataset\Face_non_face\32_32_80_20\0\yaleB19_P00A+005E-10.png,0,0.9999796,2.0442065e-05
C:\Users\23060814\Desktop\NNC_130\samples\sample_dataset\Face_non_face\32_32_80_20\1\2007_001709.png,1,1.8138333e-10,1.0
C:\Users\23060814\Desktop\NNC_130\samples\sample_dataset\Face_non_face\32_32_80_20\1\2009_000029.png,1,1.2678264e-09,1.0
C:\Users\23060814\Desktop\NNC_130\samples\sample_dataset\Face_non_face\32_32_80_20\0\yaleB23_P00A+085E-20.png,0,0.99999976,2.0625868e-07
C:\Users\23060814\Desktop\NNC_130\samples\sample_dataset\Face_non_face\32_32_80_20\1\2008_001387.png,1,6.0950185e-08,0.9999999
C:\Users\23060814\Desktop\NNC_130\samples\sample_dataset\Face_non_face\32_32_80_20\0\yaleB33_P00A+060E+20.png,0,0.99999905,9.036753e-07
C:\Users\23060814\Desktop\NNC_130\samples\sample_dataset\Face_non_face\32_32_80_20\0\yaleB25_P00A+110E+15.png,0,0.9999994,6.30697e-07
C:\Users\23060814\Desktop\NNC_130\samples\sample_dataset\Face_non_face\32_32_80_20\0\yaleB23_P00A+110E+15.png,0,0.9999989,1.0326802e-06
C:\Users\23060814\Desktop\NNC_130\samples\sample_dataset\Face_non_face\32_32_80_20\1\2007_009938.png,1,4.9220303e-06,0.9999951
C:\Users\23060814\Desktop\NNC_130\samples\sample_dataset\Face_non_face\32_32_80_20\0\yaleB29_P00A+060E-20.png,0,1.0,2.559118e-08
C:\Users\23060814\Desktop\NNC_130\samples\sample_dataset\Face_non_face\32_32_80_20\0\yaleB26_P00A+110E+15.png,0,0.99999976,2.3716987e-07
C:\Users\23060814\Desktop\NNC_130\samples\sample_dataset\Face_non_face\32_32_80_20\1\2007_003587.png,1,1.5309928e-08,1.0
C:\Users\23060814\Desktop\NNC_130\samples\sample_dataset\Face_non_face\32_32_80_20\1\2008_003885.png,1,2.564123e-05,0.99997437
C:\Users\23060814\Desktop\NNC_130\samples\sample_dataset\Face_non_face\32_32_80_20\0\yaleB27_P00A-020E-10.png,0,0.99995136,4.8687045e-05
C:\Users\23060814\Desktop\NNC_130\samples\sample_dataset\Face_non_face\32_32_80_20\0\yaleB18_P00A+035E+65.png,0,0.99981457,0.00018544823
C:\Users\23060814\Desktop\NNC_130\samples\sample_dataset\Face_non_face\32_32_80_20\0\yaleB07_P00A+025E+00.png,0,0.9998772,0.0001227374
C:\Users\23060814\Desktop\NNC_130\samples\sample_dataset\Face_non_face\32_32_80_20\0\yaleB27_P00A+035E+15.png,0,0.9999968,3.2102073e-06
C:\Users\23060814\Desktop\NNC_130\samples\sample_dataset\Face_non_face\32_32_80_20\0\yaleB07_P00A+020E-10.png,0,0.99978524,0.000214797
C:\Users\23060814\Desktop\NNC_130\samples\sample_dataset\Face_non_face\32_32_80_20\1\2007_007470.png,1,4.2466378e-10,1.0
C:\Users\23060814\Desktop\NNC_130\samples\sample_dataset\Face_non_face\32_32_80_20\1\2008_001260.png,1,1.7823911e-14,1.0
C:\Users\23060814\Desktop\NNC_130\samples\sample_dataset\Face_non_face\32_32_80_20\1\2007_007498.png,1,9.584894e-09,1.0
C:\Users\23060814\Desktop\NNC_130\samples\sample_dataset\Face_non_face\32_32_80_20\1\2007_008106.png,1,2.1648412e-14,1.0
C:\Users\23060814\Desktop\NNC_130\samples\sample_dataset\Face_non_face\32_32_80_20\0\yaleB08_P00A+010E+00.png,0,0.999984,1.5923479e-05
C:\Users\23060814\Desktop\NNC_130\samples\sample_dataset\Face_non_face\32_32_80_20\0\yaleB39_P00A+020E-40.png,0,0.9998006,0.00019934234
C:\Users\23060814\Desktop\NNC_130\samples\sample_dataset\Face_non_face\32_32_80_20\1\2008_001741.png,1,4.461353e-09,1.0
C:\Users\23060814\Desktop\NNC_130\samples\sample_dataset\Face_non_face\32_32_80_20\1\2007_000804.png,1,6.1883276e-10,1.0
C:\Users\23060814\Desktop\NNC_130\samples\sample_dataset\Face_non_face\32_32_80_20\0\yaleB35_P00A+060E-20.png,0,0.99997723,2.2779112e-05
C:\Users\23060814\Desktop\NNC_130\samples\sample_dataset\Face_non_face\32_32_80_20\1\2008_005716.png,1,1.2516213e-11,1.0
C:\Users\23060814\Desktop\NNC_130\samples\sample_dataset\Face_non_face\32_32_80_20\0\yaleB22_P00A+020E+10.png,0,0.9994411,0.0005589235
C:\Users\23060814\Desktop\NNC_130\samples\sample_dataset\Face_non_face\32_32_80_20\0\yaleB26_P00A+035E+65.png,0,1.0,4.576246e-09
C:\Users\23060814\Desktop\NNC_130\samples\sample_dataset\Face_non_face\32_32_80_20\0\yaleB18_P00A+020E-40.png,0,0.99998033,1.9722615e-05
C:\Users\23060814\Desktop\NNC_130\samples\sample_dataset\Face_non_face\32_32_80_20\0\yaleB35_P00A+020E-40.png,0,0.9999323,6.774971e-05
C:\Users\23060814\Desktop\NNC_130\samples\sample_dataset\Face_non_face\32_32_80_20\0\yaleB06_P00A+085E-20.png,0,1.0,8.9401375e-09
C:\Users\23060814\Desktop\NNC_130\samples\sample_dataset\Face_non_face\32_32_80_20\0\yaleB34_P00A+020E+10.png,0,0.99999905,9.577366e-07
C:\Users\23060814\Desktop\NNC_130\samples\sample_dataset\Face_non_face\32_32_80_20\1\2007_007688.png,1,7.5858646e-16,1.0
C:\Users\23060814\Desktop\NNC_130\samples\sample_dataset\Face_non_face\32_32_80_20\0\yaleB09_P00A+020E+10.png,0,0.99999666,3.3036365e-06
C:\Users\23060814\Desktop\NNC_130\samples\sample_dataset\Face_non_face\32_32_80_20\0\yaleB36_P00A+085E+20.png,0,0.9999995,4.3363426e-07
C:\Users\23060814\Desktop\NNC_130\samples\sample_dataset\Face_non_face\32_32_80_20\1\2007_004649.png,1,2.0673538e-10,1.0
C:\Users\23060814\Desktop\NNC_130\samples\sample_dataset\Face_non_face\32_32_80_20\0\yaleB04_P00A+020E-10.png,0,0.99991536,8.459715e-05
C:\Users\23060814\Desktop\NNC_130\samples\sample_dataset\Face_non_face\32_32_80_20\1\2007_008764.png,1,5.9701324e-09,1.0
C:\Users\23060814\Desktop\NNC_130\samples\sample_dataset\Face_non_face\32_32_80_20\0\yaleB02_P00A-035E+15.png,0,0.99994767,5.238908e-05
C:\Users\23060814\Desktop\NNC_130\samples\sample_dataset\Face_non_face\32_32_80_20\1\2007_009592.png,1,5.3761323e-07,0.9999994
C:\Users\23060814\Desktop\NNC_130\samples\sample_dataset\Face_non_face\32_32_80_20\0\yaleB19_P00A+010E-20.png,0,0.9999516,4.839629e-05
C:\Users\23060814\Desktop\NNC_130\samples\sample_dataset\Face_non_face\32_32_80_20\0\yaleB37_P00A+110E+65.png,0,0.9999931,6.946167e-06
C:\Users\23060814\Desktop\NNC_130\samples\sample_dataset\Face_non_face\32_32_80_20\1\2007_005262.png,1,1.2720265e-09,1.0
C:\Users\23060814\Desktop\NNC_130\samples\sample_dataset\Face_non_face\32_32_80_20\1\2008_002239.png,1,5.4716507e-09,1.0
C:\Users\23060814\Desktop\NNC_130\samples\sample_dataset\Face_non_face\32_32_80_20\1\2007_004189.png,1,2.6234648e-09,1.0
C:\Users\23060814\Desktop\NNC_130\samples\sample_dataset\Face_non_face\32_32_80_20\1\2007_009724.png,1,2.3756346e-08,1.0
C:\Users\23060814\Desktop\NNC_130\samples\sample_dataset\Face_non_face\32_32_80_20\0\yaleB01_P00A+020E+10.png,0,0.99999905,9.910679e-07
C:\Users\23060814\Desktop\NNC_130\samples\sample_dataset\Face_non_face\32_32_80_20\0\yaleB17_P00A+070E-35.png,0,0.9999988,1.1398505e-06
C:\Users\23060814\Desktop\NNC_130\samples\sample_dataset\Face_non_face\32_32_80_20\1\2008_000287.png,1,5.696136e-15,1.0
C:\Users\23060814\Desktop\NNC_130\samples\sample_dataset\Face_non_face\32_32_80_20\0\yaleB29_P00A+050E-40.png,0,0.9999957,4.2762836e-06
C:\Users\23060814\Desktop\NNC_130\samples\sample_dataset\Face_non_face\32_32_80_20\0\yaleB01_P00A+035E+65.png,0,0.9999976,2.4143496e-06
C:\Users\23060814\Desktop\NNC_130\samples\sample_dataset\Face_non_face\32_32_80_20\1\2008_002064.png,1,1.5468437e-07,0.9999999
C:\Users\23060814\Desktop\NNC_130\samples\sample_dataset\Face_non_face\32_32_80_20\1\2008_008301.png,1,3.104414e-13,1.0
C:\Users\23060814\Desktop\NNC_130\samples\sample_dataset\Face_non_face\32_32_80_20\1\2007_003194.png,1,1.1303649e-13,1.0
C:\Users\23060814\Desktop\NNC_130\samples\sample_dataset\Face_non_face\32_32_80_20\0\yaleB30_P00A+095E+00.png,0,0.9999951,4.842349e-06
C:\Users\23060814\Desktop\NNC_130\samples\sample_dataset\Face_non_face\32_32_80_20\0\yaleB01_P00A-010E+00.png,0,0.9999603,3.9717637e-05
C:\Users\23060814\Desktop\NNC_130\samples\sample_dataset\Face_non_face\32_32_80_20\1\2007_003872.png,1,1.0947289e-09,1.0
C:\Users\23060814\Desktop\NNC_130\samples\sample_dataset\Face_non_face\32_32_80_20\1\2008_000103.png,1,4.9001857e-12,1.0
C:\Users\23060814\Desktop\NNC_130\samples\sample_dataset\Face_non_face\32_32_80_20\1\2008_001078.png,1,0.0038842733,0.9961157
C:\Users\23060814\Desktop\NNC_130\samples\sample_dataset\Face_non_face\32_32_80_20\0\yaleB35_P00A+070E+00.png,0,0.99999666,3.3844708e-06
C:\Users\23060814\Desktop\NNC_130\samples\sample_dataset\Face_non_face\32_32_80_20\1\2008_005668.png,1,7.2277194e-06,0.9999927
